id,first_name,last_name,email,gender,country
1,Stacey,Stringer,sstringer0@tmall.com,Female,Afghanistan
2,Pepe,Faers,pfaers1@nih.gov,Male,Afghanistan
3,Jaimie,Semeniuk,jsemeniuk2@harvard.edu,Female,Afghanistan
4,Pamella,Margetts,pmargetts3@hud.gov,Female,Afghanistan
5,Jere,McOmish,jmcomish4@google.es,Female,Afghanistan
6,Aimee,Bollam,abollam5@google.cn,Female,Afghanistan
7,Flss,Zannolli,fzannolli6@npr.org,Female,Afghanistan
8,Estrella,Stit,estit7@cpanel.net,Genderqueer,Afghanistan
9,Devon,Northidge,dnorthidge8@youtu.be,Female,Afghanistan
10,Gare,Ianni,gianni9@elegantthemes.com,Male,Afghanistan
11,Hamilton,Beinisch,hbeinischa@edublogs.org,Male,Afghanistan
12,Clea,Rennick,crennickb@soundcloud.com,Female,Afghanistan
13,Clarey,Mangan,cmanganc@qq.com,Female,Afghanistan
14,Harwell,Stern,hsternd@hp.com,Male,Afghanistan
15,Hardy,Pindar,hpindare@indiatimes.com,Male,Afghanistan
16,Tremayne,Doppler,tdopplerf@bloomberg.com,Male,Afghanistan
17,Cross,Knowlton,cknowltong@stanford.edu,Male,Afghanistan
18,Morrie,Foakes,mfoakesh@baidu.com,Male,Afghanistan
19,Gina,Windrus,gwindrusi@t-online.de,Female,Afghanistan
20,Clarey,Boldison,cboldisonj@phpbb.com,Female,Afghanistan
21,Hort,Sedgwick,hsedgwickk@dot.gov,Genderqueer,Afghanistan
22,Beverie,Chandler,bchandlerl@nymag.com,Female,Afghanistan
23,Dean,Dagleas,ddagleasm@irs.gov,Male,Afghanistan
24,Jedd,Haines,jhainesn@patch.com,Male,Afghanistan
25,Roosevelt,Pennetta,rpennettao@cbslocal.com,Male,Afghanistan
26,Dorelia,Beedon,dbeedonp@yandex.ru,Female,Afghanistan
27,Leroy,Izhakov,lizhakovq@google.nl,Male,Afghanistan
28,Nertie,Biggadyke,nbiggadyker@ucoz.ru,Female,Afghanistan
29,Legra,Biggar,lbiggars@techcrunch.com,Female,Afghanistan
30,Risa,Brum,rbrumt@hubpages.com,Female,Afghanistan
31,Red,Rustich,rrustichu@hp.com,Male,Afghanistan
32,Kath,Cantor,kcantorv@yandex.ru,Female,Afghanistan
33,Melesa,Wimbush,mwimbushw@utexas.edu,Polygender,Afghanistan
34,Armand,Longfut,alongfutx@techcrunch.com,Male,Afghanistan
35,Merv,Grisdale,mgrisdaley@foxnews.com,Male,Afghanistan
36,Susi,Edmead,sedmeadz@123-reg.co.uk,Female,Afghanistan
37,Leoline,Whistlecraft,lwhistlecraft10@people.com.cn,Female,Afghanistan
38,Rayna,Liveing,rliveing11@netscape.com,Female,Afghanistan
39,Rudolph,Cud,rcud12@topsy.com,Male,Afghanistan
40,Constance,Iacavone,ciacavone13@nationalgeographic.com,Female,Afghanistan
41,Abram,Poppleton,apoppleton14@mozilla.org,Male,Afghanistan
42,Balduin,Batrip,bbatrip15@ed.gov,Male,Afghanistan
43,Megen,Weatherill,mweatherill16@gizmodo.com,Female,Afghanistan
44,Halsey,Woolacott,hwoolacott17@nytimes.com,Male,Afghanistan
45,Drusy,Dafydd,ddafydd18@mit.edu,Female,Afghanistan
46,Arden,Milesap,amilesap19@ft.com,Female,Afghanistan
47,Isak,Kelner,ikelner1a@youku.com,Polygender,Afghanistan
48,Celle,Rossbrook,crossbrook1b@alexa.com,Female,Afghanistan
49,Doralia,Krolle,dkrolle1c@arstechnica.com,Female,Afghanistan
50,Janis,de Quesne,jdequesne1d@who.int,Female,Afghanistan
51,Klaus,Blest,kblest1e@drupal.org,Male,Afghanistan
52,Erie,De Paepe,edepaepe1f@fema.gov,Male,Afghanistan
53,Gayle,Newrick,gnewrick1g@wsj.com,Female,Afghanistan
54,Sheelagh,Fishlee,sfishlee1h@yahoo.co.jp,Female,Afghanistan
55,Melita,Reveland,mreveland1i@earthlink.net,Female,Afghanistan
56,Chantal,Winston,cwinston1j@bizjournals.com,Female,Afghanistan
57,Pail,McGilroy,pmcgilroy1k@nydailynews.com,Male,Afghanistan
58,Kellen,Senogles,ksenogles1l@constantcontact.com,Female,Afghanistan
59,Layney,Jenik,ljenik1m@moonfruit.com,Female,Afghanistan
60,Deerdre,Cuskery,dcuskery1n@desdev.cn,Female,Afghanistan
61,Selie,Bernocchi,sbernocchi1o@goo.ne.jp,Agender,Afghanistan
62,Perice,Deighton,pdeighton1p@arizona.edu,Male,Afghanistan
63,Margit,Matfield,mmatfield1q@spotify.com,Female,Afghanistan
64,Irvine,Huddy,ihuddy1r@netvibes.com,Male,Afghanistan
65,Matti,MacKain,mmackain1s@noaa.gov,Female,Afghanistan
66,Griffith,Parvin,gparvin1t@google.es,Male,Afghanistan
67,Tomlin,Springer,tspringer1u@geocities.com,Male,Afghanistan
68,Wash,Borlease,wborlease1v@mail.ru,Male,Afghanistan
69,Hilda,Rough,hrough1w@cisco.com,Female,Afghanistan
70,Ephrayim,Swanton,eswanton1x@tripod.com,Male,Afghanistan
71,Verene,Upward,vupward1y@whitehouse.gov,Female,Afghanistan
72,Clarisse,Stickels,cstickels1z@ed.gov,Female,Afghanistan
73,Trevar,Dayment,tdayment20@vk.com,Male,Afghanistan
74,Xerxes,McGrowther,xmcgrowther21@over-blog.com,Male,Afghanistan
75,Lancelot,Cossington,lcossington22@moonfruit.com,Male,Afghanistan
76,Charisse,Walkowski,cwalkowski23@goo.ne.jp,Female,Afghanistan
77,Leone,Bowsher,lbowsher24@issuu.com,Female,Afghanistan
78,Ingrim,Di Iorio,idiiorio25@si.edu,Male,Afghanistan
79,Christye,Sandon,csandon26@princeton.edu,Genderfluid,Afghanistan
80,Emilee,Deppe,edeppe27@opensource.org,Non-binary,Afghanistan
81,Auberon,Ferras,aferras28@free.fr,Male,Afghanistan
82,Les,Blakeslee,lblakeslee29@prweb.com,Male,Afghanistan
83,Griffin,Vasichev,gvasichev2a@nationalgeographic.com,Male,Afghanistan
84,Rees,Emlin,remlin2b@is.gd,Male,Afghanistan
85,Clark,Shrimplin,cshrimplin2c@blogtalkradio.com,Male,Afghanistan
86,Vallie,Baccus,vbaccus2d@sohu.com,Female,Afghanistan
87,Merilyn,Heardman,mheardman2e@free.fr,Female,Afghanistan
88,Fernandina,Napoleone,fnapoleone2f@skyrock.com,Female,Afghanistan
89,Domenic,McLaughlan,dmclaughlan2g@163.com,Male,Afghanistan
90,Marcellina,Grim,mgrim2h@fc2.com,Female,Afghanistan
91,Burl,Newarte,bnewarte2i@blog.com,Male,Afghanistan
92,Fraser,Keerl,fkeerl2j@pen.io,Male,Afghanistan
93,Chance,Allwell,callwell2k@live.com,Male,Afghanistan
94,Car,Oldroyde,coldroyde2l@nymag.com,Non-binary,Afghanistan
95,Drusie,Roughley,droughley2m@msn.com,Female,Afghanistan
96,Kaye,Dyshart,kdyshart2n@simplemachines.org,Female,Afghanistan
97,Perri,Verecker,pverecker2o@sun.com,Female,Afghanistan
98,Robin,Ethington,rethington2p@feedburner.com,Female,Afghanistan
99,Nataline,Whitehall,nwhitehall2q@mtv.com,Female,Afghanistan
100,Lena,Derdes,lderdes2r@admin.ch,Female,Afghanistan
101,Nannette,Baily,nbaily2s@homestead.com,Female,Afghanistan
102,Odey,Catlette,ocatlette2t@umn.edu,Male,Afghanistan
103,Wye,Marielle,wmarielle2u@indiegogo.com,Male,Afghanistan
104,Andree,Ocheltree,aocheltree2v@about.me,Female,Afghanistan
105,Denice,Sancroft,dsancroft2w@github.com,Female,Afghanistan
106,Avivah,Hoofe,ahoofe2x@skype.com,Female,Afghanistan
107,Cleo,Belsher,cbelsher2y@google.es,Female,Afghanistan
108,Gates,O'Suaird,gosuaird2z@cnbc.com,Female,Afghanistan
109,Donovan,Conroy,dconroy30@nature.com,Male,Afghanistan
110,Darill,Vance,dvance31@telegraph.co.uk,Male,Afghanistan
111,Ollie,Philipsohn,ophilipsohn32@ovh.net,Male,Afghanistan
112,Kevan,Hartzogs,khartzogs33@intel.com,Male,Afghanistan
113,Jennica,Roze,jroze34@slashdot.org,Female,Afghanistan
114,Marice,Godding,mgodding35@forbes.com,Female,Afghanistan
115,Celisse,Fogt,cfogt36@phoca.cz,Female,Afghanistan
116,Zolly,Pollock,zpollock37@dyndns.org,Male,Afghanistan
117,Doug,Onions,donions38@bbc.co.uk,Bigender,Afghanistan
118,Dudley,Danton,ddanton39@who.int,Male,Afghanistan
119,Brittney,Limrick,blimrick3a@parallels.com,Female,Afghanistan
120,Randell,Halliberton,rhalliberton3b@eepurl.com,Polygender,Afghanistan
121,Persis,Duffitt,pduffitt3c@eventbrite.com,Female,Afghanistan
122,Davy,Digges,ddigges3d@oakley.com,Male,Afghanistan
123,Shawnee,Francescone,sfrancescone3e@studiopress.com,Female,Afghanistan
124,Candice,Kindell,ckindell3f@auda.org.au,Female,Afghanistan
125,Hobie,Vant,hvant3g@wikimedia.org,Male,Afghanistan
126,Claudina,Bangs,cbangs3h@gmpg.org,Female,Afghanistan
127,Monroe,Olensby,molensby3i@weebly.com,Male,Afghanistan
128,Ignazio,Cescot,icescot3j@themeforest.net,Male,Afghanistan
129,Uriel,Belf,ubelf3k@last.fm,Male,Afghanistan
130,Margo,Sepey,msepey3l@epa.gov,Female,Afghanistan
131,Irving,Albisser,ialbisser3m@uol.com.br,Male,Afghanistan
132,Fabian,McCutheon,fmccutheon3n@mysql.com,Male,Afghanistan
133,Maible,Elliff,melliff3o@ebay.com,Genderfluid,Afghanistan
134,Reynold,Raikes,rraikes3p@360.cn,Male,Afghanistan
135,Tonye,Yakuntsov,tyakuntsov3q@symantec.com,Female,Afghanistan
136,Carmelina,Boleyn,cboleyn3r@xing.com,Female,Afghanistan
137,Carlee,Kolinsky,ckolinsky3s@skype.com,Genderfluid,Afghanistan
138,Theresita,Craddy,tcraddy3t@mit.edu,Female,Afghanistan
139,Baxter,Piquard,bpiquard3u@feedburner.com,Male,Afghanistan
140,Lorrayne,Flores,lflores3v@miitbeian.gov.cn,Female,Afghanistan
141,Kinny,Pashby,kpashby3w@jiathis.com,Male,Afghanistan
142,Janeta,McEnery,jmcenery3x@sciencedirect.com,Female,Afghanistan
143,Kerrill,Foli,kfoli3y@booking.com,Female,Afghanistan
144,Koo,Kyncl,kkyncl3z@dedecms.com,Female,Afghanistan
145,Theodosia,Shuter,tshuter40@cnbc.com,Female,Afghanistan
146,Renae,Vicary,rvicary41@boston.com,Female,Afghanistan
147,Dur,Lithgow,dlithgow42@booking.com,Male,Afghanistan
148,Lutero,Ors,lors43@rediff.com,Male,Afghanistan
149,Curtis,Ollerhad,collerhad44@washingtonpost.com,Male,Afghanistan
150,Adam,Blachford,ablachford45@imgur.com,Male,Afghanistan
151,Lalo,Sallnow,lsallnow46@joomla.org,Male,Afghanistan
152,Shanda,Valintine,svalintine47@theguardian.com,Female,Afghanistan
153,Jessie,Longdon,jlongdon48@shareasale.com,Male,Afghanistan
154,Rheta,Turbitt,rturbitt49@hao123.com,Female,Afghanistan
155,Stephie,Counsell,scounsell4a@youtu.be,Female,Afghanistan
156,Alejandra,Kilby,akilby4b@utexas.edu,Female,Afghanistan
157,Bibbye,Beslier,bbeslier4c@ovh.net,Female,Afghanistan
158,Timothee,MacKeogh,tmackeogh4d@cdbaby.com,Genderqueer,Afghanistan
159,Franky,De Nisco,fdenisco4e@tamu.edu,Male,Afghanistan
160,Jillana,Sherrocks,jsherrocks4f@amazon.co.uk,Female,Afghanistan
161,Robinetta,Lowrey,rlowrey4g@mapy.cz,Female,Afghanistan
162,Ronnie,Brackpool,rbrackpool4h@pen.io,Female,Afghanistan
163,Ethyl,Culleford,eculleford4i@google.com.au,Female,Afghanistan
164,Tadeo,Alwood,talwood4j@japanpost.jp,Male,Afghanistan
165,Cathleen,Muscat,cmuscat4k@ebay.co.uk,Female,Afghanistan
166,Danya,Manilow,dmanilow4l@multiply.com,Polygender,Afghanistan
167,Cherlyn,Inglish,cinglish4m@paypal.com,Female,Afghanistan
168,Anatole,Moynham,amoynham4n@ca.gov,Male,Afghanistan
169,Amitie,Roof,aroof4o@wunderground.com,Female,Afghanistan
170,Tansy,Chevers,tchevers4p@amazon.de,Female,Afghanistan
171,Blithe,Mellenby,bmellenby4q@jalbum.net,Female,Afghanistan
172,Imojean,Itter,iitter4r@narod.ru,Female,Afghanistan
173,Terra,Wrotchford,twrotchford4s@samsung.com,Female,Afghanistan
174,Chip,Nottram,cnottram4t@nifty.com,Male,Afghanistan
175,Vinny,Neljes,vneljes4u@baidu.com,Male,Afghanistan
176,Berti,Garfath,bgarfath4v@ox.ac.uk,Male,Afghanistan
177,Bondy,Bernardes,bbernardes4w@live.com,Male,Afghanistan
178,Marcelo,Ziem,mziem4x@lulu.com,Male,Afghanistan
179,Holt,Stenet,hstenet4y@whitehouse.gov,Male,Afghanistan
180,Madison,Chase,mchase4z@etsy.com,Male,Afghanistan
181,Jeanelle,Shoutt,jshoutt50@photobucket.com,Female,Afghanistan
182,Sibylle,Rucklidge,srucklidge51@archive.org,Female,Afghanistan
183,Jocelin,Hannent,jhannent52@phpbb.com,Genderqueer,Afghanistan
184,Debbi,Jaspar,djaspar53@epa.gov,Female,Afghanistan
185,Celie,Doncaster,cdoncaster54@parallels.com,Female,Afghanistan
186,Gunilla,Tedorenko,gtedorenko55@smugmug.com,Female,Afghanistan
187,Tony,Baylis,tbaylis56@cdbaby.com,Female,Afghanistan
188,Janella,Canon,jcanon57@lycos.com,Female,Afghanistan
189,Shane,Jeff,sjeff58@technorati.com,Male,Afghanistan
190,Karlik,Birtle,kbirtle59@miibeian.gov.cn,Male,Afghanistan
191,Vin,Picott,vpicott5a@epa.gov,Male,Afghanistan
192,Diarmid,Juares,djuares5b@apple.com,Male,Afghanistan
193,Candis,Parnaby,cparnaby5c@issuu.com,Female,Afghanistan
194,Karlik,Sircombe,ksircombe5d@si.edu,Male,Afghanistan
195,Calla,Redbourn,credbourn5e@a8.net,Female,Afghanistan
196,Pembroke,Twigg,ptwigg5f@xrea.com,Male,Afghanistan
197,Morgan,Brogi,mbrogi5g@sfgate.com,Male,Afghanistan
198,Kerwinn,Wrightim,kwrightim5h@sitemeter.com,Male,Afghanistan
199,Larissa,MacGowan,lmacgowan5i@exblog.jp,Female,Afghanistan
200,Justen,Twine,jtwine5j@blogspot.com,Male,Afghanistan
201,Ebeneser,Cuddehay,ecuddehay5k@ehow.com,Male,Afghanistan
202,Willyt,Onn,wonn5l@google.fr,Female,Afghanistan
203,Richardo,McCumskay,rmccumskay5m@behance.net,Male,Afghanistan
204,Nicolais,Tommei,ntommei5n@globo.com,Male,Afghanistan
205,Kimbell,Conaghan,kconaghan5o@parallels.com,Male,Afghanistan
206,Arielle,Schust,aschust5p@geocities.jp,Female,Afghanistan
207,Ahmed,Shawley,ashawley5q@chicagotribune.com,Male,Afghanistan
208,Mickie,MacCahee,mmaccahee5r@elpais.com,Polygender,Afghanistan
209,Rowney,Blabie,rblabie5s@dailymotion.com,Male,Afghanistan
210,Vite,Robb,vrobb5t@meetup.com,Agender,Afghanistan
211,Feodora,Mewburn,fmewburn5u@archive.org,Female,Afghanistan
212,Damaris,Sabben,dsabben5v@webs.com,Female,Afghanistan
213,Jimmie,Hammon,jhammon5w@fotki.com,Male,Afghanistan
214,Katrine,Balnaves,kbalnaves5x@bizjournals.com,Female,Afghanistan
215,Hersch,Hurl,hhurl5y@xinhuanet.com,Male,Afghanistan
216,Anneliese,Demeter,ademeter5z@diigo.com,Female,Afghanistan
217,Aindrea,Devey,adevey60@msn.com,Female,Afghanistan
218,Essa,Bowser,ebowser61@reverbnation.com,Female,Afghanistan
219,Annamarie,Bouldstridge,abouldstridge62@angelfire.com,Female,Afghanistan
220,Bird,Kinforth,bkinforth63@ft.com,Female,Afghanistan
221,Sayers,Jerome,sjerome64@hibu.com,Polygender,Afghanistan
222,Armstrong,Sambiedge,asambiedge65@google.pl,Male,Afghanistan
223,Lynnette,Gibby,lgibby66@about.com,Female,Afghanistan
224,Mahmud,Rowson,mrowson67@bloglovin.com,Male,Afghanistan
225,Meagan,Bromell,mbromell68@jalbum.net,Female,Afghanistan
226,Joelynn,Born,jborn69@dailymotion.com,Female,Afghanistan
227,Vilhelmina,Pickover,vpickover6a@shinystat.com,Genderqueer,Afghanistan
228,Uriel,Grahlmans,ugrahlmans6b@japanpost.jp,Male,Afghanistan
229,Colin,Luckett,cluckett6c@deviantart.com,Male,Afghanistan
230,Arte,Afield,aafield6d@blogtalkradio.com,Male,Afghanistan
231,Reade,Mulligan,rmulligan6e@twitpic.com,Male,Afghanistan
232,Alfred,Lindup,alindup6f@fema.gov,Male,Afghanistan
233,Diego,Bisiker,dbisiker6g@hhs.gov,Male,Afghanistan
234,Lanae,Sabey,lsabey6h@t-online.de,Female,Afghanistan
235,Crawford,Lympany,clympany6i@ow.ly,Polygender,Afghanistan
236,Yvon,Wimpenny,ywimpenny6j@tuttocitta.it,Male,Afghanistan
237,Ileana,Andreichik,iandreichik6k@mozilla.com,Female,Afghanistan
238,Rubin,Creedland,rcreedland6l@biglobe.ne.jp,Male,Afghanistan
239,Thadeus,Dimont,tdimont6m@cocolog-nifty.com,Male,Afghanistan
240,Sherman,Baldazzi,sbaldazzi6n@gnu.org,Male,Afghanistan
241,Tomasine,Colegate,tcolegate6o@istockphoto.com,Female,Afghanistan
242,Berna,Gally,bgally6p@joomla.org,Female,Afghanistan
243,Chelsey,Kestell,ckestell6q@si.edu,Female,Afghanistan
244,Joby,Mackiewicz,jmackiewicz6r@youku.com,Female,Afghanistan
245,Sibylla,Philliskirk,sphilliskirk6s@tamu.edu,Female,Afghanistan
246,Johannah,Gaskell,jgaskell6t@desdev.cn,Female,Afghanistan
247,Micheil,Coldbreath,mcoldbreath6u@dagondesign.com,Male,Afghanistan
248,Gay,Bushen,gbushen6v@amazon.co.jp,Female,Afghanistan
249,Norby,Balchin,nbalchin6w@bbb.org,Male,Afghanistan
250,Roderick,McGilvary,rmcgilvary6x@alibaba.com,Male,Afghanistan
251,Emlen,Tuckey,etuckey6y@blinklist.com,Male,Afghanistan
252,Eugenie,Dufton,edufton6z@ow.ly,Female,Afghanistan
253,Fabien,Cumpsty,fcumpsty70@mayoclinic.com,Male,Afghanistan
254,Cyndie,Mettetal,cmettetal71@nifty.com,Female,Afghanistan
255,Ewan,Chasmoor,echasmoor72@dropbox.com,Male,Afghanistan
256,Lambert,Ritchings,lritchings73@naver.com,Male,Afghanistan
257,Toni,Rampling,trampling74@xinhuanet.com,Female,Afghanistan
258,Cal,Adcocks,cadcocks75@youtu.be,Female,Afghanistan
259,Deck,Yuryev,dyuryev76@nps.gov,Male,Afghanistan
260,Calli,Bassingden,cbassingden77@techcrunch.com,Female,Afghanistan
261,Marlow,Pringle,mpringle78@comsenz.com,Male,Afghanistan
262,Sharia,Fassum,sfassum79@ucoz.com,Female,Afghanistan
263,Yoshiko,Wollrauch,ywollrauch7a@freewebs.com,Female,Afghanistan
264,Cornela,Jelphs,cjelphs7b@wikia.com,Female,Afghanistan
265,Quinn,Breeder,qbreeder7c@blogs.com,Male,Afghanistan
266,Gearard,Jakucewicz,gjakucewicz7d@meetup.com,Male,Afghanistan
267,Sean,Emblow,semblow7e@example.com,Male,Afghanistan
268,Cati,Goodred,cgoodred7f@webnode.com,Polygender,Afghanistan
269,Augusto,Olman,aolman7g@hugedomains.com,Agender,Afghanistan
270,Ramsey,Frend,rfrend7h@berkeley.edu,Male,Afghanistan
271,Shurwood,Lettsom,slettsom7i@buzzfeed.com,Male,Afghanistan
272,Ailee,Elleray,aelleray7j@prlog.org,Female,Afghanistan
273,Sherline,Corrington,scorrington7k@sina.com.cn,Female,Afghanistan
274,Trista,Michieli,tmichieli7l@tinyurl.com,Female,Afghanistan
275,Pandora,Mayoh,pmayoh7m@t-online.de,Non-binary,Afghanistan
276,Thatcher,Sudron,tsudron7n@typepad.com,Male,Afghanistan
277,Dukie,Mountford,dmountford7o@php.net,Male,Afghanistan
278,Corenda,Ditty,cditty7p@google.es,Genderfluid,Afghanistan
279,Siouxie,Muge,smuge7q@multiply.com,Female,Afghanistan
280,Darelle,Dimitresco,ddimitresco7r@prweb.com,Female,Afghanistan
281,Yuma,Tanton,ytanton7s@tinypic.com,Male,Afghanistan
282,Lindsey,Henker,lhenker7t@ow.ly,Female,Afghanistan
283,Darcee,Calabry,dcalabry7u@mapy.cz,Female,Afghanistan
284,Sonnie,Kibard,skibard7v@cloudflare.com,Female,Afghanistan
285,Rouvin,Stobo,rstobo7w@example.com,Male,Afghanistan
286,Meghan,Victoria,mvictoria7x@nps.gov,Female,Afghanistan
287,Josias,Dedney,jdedney7y@a8.net,Male,Afghanistan
288,Valenka,Hoult,vhoult7z@fda.gov,Female,Afghanistan
289,Odette,Riccardo,oriccardo80@google.ca,Female,Afghanistan
290,Keven,Ayrs,kayrs81@lulu.com,Male,Afghanistan
291,Alis,Crighton,acrighton82@bbc.co.uk,Female,Afghanistan
292,Leicester,Raincin,lraincin83@paginegialle.it,Male,Afghanistan
293,Zulema,Rickwood,zrickwood84@51.la,Female,Afghanistan
294,Harwilll,Toft,htoft85@sina.com.cn,Male,Afghanistan
295,Edwin,Polamontayne,epolamontayne86@nhs.uk,Male,Afghanistan
296,Bren,Secretan,bsecretan87@com.com,Female,Afghanistan
297,Renae,Necrews,rnecrews88@xinhuanet.com,Female,Afghanistan
298,Helge,Comelli,hcomelli89@accuweather.com,Bigender,Afghanistan
299,Mildred,Sheehan,msheehan8a@blogs.com,Female,Afghanistan
300,Leo,Naul,lnaul8b@fda.gov,Male,Afghanistan
301,Ariela,Iacovaccio,aiacovaccio8c@nationalgeographic.com,Female,Afghanistan
302,Charlene,Marlor,cmarlor8d@ucoz.ru,Female,Afghanistan
303,Bertrando,Holdren,bholdren8e@fema.gov,Male,Afghanistan
304,Ella,Dallimare,edallimare8f@ehow.com,Female,Afghanistan
305,Birk,Bailles,bbailles8g@census.gov,Male,Afghanistan
306,Arda,Rosso,arosso8h@plala.or.jp,Female,Afghanistan
307,Had,Succamore,hsuccamore8i@blinklist.com,Male,Afghanistan
308,Gardie,Crowcum,gcrowcum8j@un.org,Male,Afghanistan
309,Emilee,Preshous,epreshous8k@house.gov,Polygender,Afghanistan
310,Boothe,Carrier,bcarrier8l@pinterest.com,Male,Afghanistan
311,Dollie,Cornford,dcornford8m@blogspot.com,Female,Afghanistan
312,Mercy,D'Costa,mdcosta8n@indiatimes.com,Female,Afghanistan
313,Shelby,Eschelle,seschelle8o@yale.edu,Male,Afghanistan
314,Kalindi,Curton,kcurton8p@clickbank.net,Female,Afghanistan
315,Kerry,Simmonett,ksimmonett8q@exblog.jp,Female,Afghanistan
316,Carmina,Janas,cjanas8r@uiuc.edu,Female,Afghanistan
317,Annalise,Strathman,astrathman8s@usnews.com,Female,Afghanistan
318,Alfred,Lomasna,alomasna8t@clickbank.net,Male,Afghanistan
319,Julio,Giovanitti,jgiovanitti8u@ucoz.com,Male,Afghanistan
320,Silvain,Ends,sends8v@fema.gov,Male,Afghanistan
321,Kip,Karpol,kkarpol8w@mashable.com,Male,Afghanistan
322,Sawyer,Wakelin,swakelin8x@japanpost.jp,Agender,Afghanistan
323,Viva,Duchesne,vduchesne8y@facebook.com,Female,Afghanistan
324,Simona,Plumm,splumm8z@harvard.edu,Female,Afghanistan
325,Ericha,Crickett,ecrickett90@google.co.jp,Female,Afghanistan
326,Hazel,Blaycock,hblaycock91@jugem.jp,Female,Afghanistan
327,Drew,Dunstone,ddunstone92@un.org,Male,Afghanistan
328,Augustin,Southern,asouthern93@google.fr,Genderfluid,Afghanistan
329,Anita,Hamlet,ahamlet94@fda.gov,Female,Afghanistan
330,Ainslee,Sartain,asartain95@pbs.org,Female,Afghanistan
331,Granny,Rown,grown96@seesaa.net,Male,Afghanistan
332,August,Nabarro,anabarro97@adobe.com,Male,Afghanistan
333,Molly,Flowerdew,mflowerdew98@mozilla.com,Female,Afghanistan
334,Lishe,Stabbins,lstabbins99@goodreads.com,Female,Afghanistan
335,Jacquenetta,Bibby,jbibby9a@discuz.net,Female,Afghanistan
336,Jacklyn,Corsar,jcorsar9b@theguardian.com,Female,Afghanistan
337,Kris,Mosdall,kmosdall9c@newyorker.com,Male,Afghanistan
338,Leeanne,Vasilic,lvasilic9d@indiegogo.com,Female,Afghanistan
339,Anna-diane,Vannah,avannah9e@epa.gov,Female,Afghanistan
340,Emelita,Mugford,emugford9f@fastcompany.com,Female,Afghanistan
341,Sergio,Monahan,smonahan9g@yahoo.co.jp,Male,Afghanistan
342,Arch,MacPike,amacpike9h@guardian.co.uk,Male,Afghanistan
343,Vidovik,Relph,vrelph9i@unesco.org,Male,Afghanistan
344,Calhoun,Colquit,ccolquit9j@freewebs.com,Male,Afghanistan
345,Natty,Gulley,ngulley9k@bizjournals.com,Female,Afghanistan
346,Dorothy,Mulderrig,dmulderrig9l@intel.com,Female,Afghanistan
347,Haily,Anfosso,hanfosso9m@livejournal.com,Male,Afghanistan
348,Perri,McGauhy,pmcgauhy9n@omniture.com,Female,Afghanistan
349,Esra,Rudge,erudge9o@linkedin.com,Male,Afghanistan
350,Rodie,Titterington,rtitterington9p@house.gov,Female,Afghanistan
351,Stearn,Warsop,swarsop9q@businessinsider.com,Male,Afghanistan
352,Paten,Gurry,pgurry9r@oracle.com,Male,Afghanistan
353,Flint,Josephi,fjosephi9s@sciencedaily.com,Male,Afghanistan
354,Alvie,Finlay,afinlay9t@theguardian.com,Male,Afghanistan
355,Theadora,Durber,tdurber9u@ucla.edu,Female,Afghanistan
356,Augustin,Kabisch,akabisch9v@loc.gov,Male,Afghanistan
357,Eldredge,Nore,enore9w@ca.gov,Male,Afghanistan
358,Amalea,Crome,acrome9x@ocn.ne.jp,Female,Afghanistan
359,Kingston,Duddle,kduddle9y@bing.com,Genderqueer,Afghanistan
360,Parker,Duxbury,pduxbury9z@accuweather.com,Male,Afghanistan
361,Tibold,Evreux,tevreuxa0@elpais.com,Male,Afghanistan
362,Keith,Bigley,kbigleya1@sogou.com,Male,Afghanistan
363,Chaddie,Iori,cioria2@ifeng.com,Male,Afghanistan
364,Hammad,Huffy,hhuffya3@ft.com,Male,Afghanistan
365,Leshia,Berrigan,lberrigana4@dmoz.org,Female,Afghanistan
366,Hallsy,Fratson,hfratsona5@chron.com,Male,Afghanistan
367,Darrelle,Obal,dobala6@jalbum.net,Female,Afghanistan
368,Casey,Dicte,cdictea7@1688.com,Genderqueer,Afghanistan
369,Torey,Birley,tbirleya8@tumblr.com,Male,Afghanistan
370,Lu,Triplow,ltriplowa9@naver.com,Female,Afghanistan
371,Christian,Lempertz,clempertzaa@bandcamp.com,Female,Afghanistan
372,Liv,Mont,lmontab@com.com,Female,Afghanistan
373,Vidovik,Garton,vgartonac@economist.com,Male,Afghanistan
374,Carrol,Lorimer,clorimerad@reference.com,Genderqueer,Afghanistan
375,Gardy,Rigg,griggae@weather.com,Male,Afghanistan
376,Iolande,Haynes,ihaynesaf@europa.eu,Female,Afghanistan
377,Sebastian,Cullnean,scullneanag@aol.com,Male,Afghanistan
378,Debera,Blackie,dblackieah@jimdo.com,Female,Afghanistan
379,Yasmin,Spini,yspiniai@cocolog-nifty.com,Female,Afghanistan
380,Roy,Streetfield,rstreetfieldaj@telegraph.co.uk,Male,Afghanistan
381,Adiana,Bondesen,abondesenak@w3.org,Female,Afghanistan
382,Reinaldos,Wimsett,rwimsettal@salon.com,Male,Afghanistan
383,Early,MacCroary,emaccroaryam@cocolog-nifty.com,Male,Afghanistan
384,Aarika,Eyckelberg,aeyckelbergan@yellowbook.com,Female,Afghanistan
385,Briant,Jentges,bjentgesao@accuweather.com,Male,Afghanistan
386,Angelia,Jentle,ajentleap@umn.edu,Female,Afghanistan
387,Grethel,Daudray,gdaudrayaq@wsj.com,Female,Afghanistan
388,Olivie,Jinks,ojinksar@nature.com,Female,Afghanistan
389,Candice,Brinsden,cbrinsdenas@google.co.uk,Female,Afghanistan
390,Had,Fiennes,hfiennesat@hud.gov,Agender,Afghanistan
391,Magnum,Trye,mtryeau@angelfire.com,Male,Afghanistan
392,Dorey,Simpkin,dsimpkinav@hubpages.com,Male,Afghanistan
393,Gearard,Matchell,gmatchellaw@yandex.ru,Male,Afghanistan
394,Cindra,Janout,cjanoutax@nydailynews.com,Female,Afghanistan
395,Margaret,Mould,mmoulday@webmd.com,Female,Afghanistan
396,Baldwin,Hammel,bhammelaz@dailymotion.com,Male,Afghanistan
397,Bayard,Linne,blinneb0@mac.com,Male,Afghanistan
398,Andras,Dugan,aduganb1@flavors.me,Male,Afghanistan
399,Avrit,Benzing,abenzingb2@geocities.jp,Female,Afghanistan
400,Sophi,Erdely,serdelyb3@bloglines.com,Female,Afghanistan
401,Blanch,Meth,bmethb4@utexas.edu,Female,Afghanistan
402,Darbee,Ambroise,dambroiseb5@harvard.edu,Genderfluid,Afghanistan
403,Myrvyn,Wilber,mwilberb6@tuttocitta.it,Male,Afghanistan
404,Melva,Castaneda,mcastanedab7@homestead.com,Female,Afghanistan
405,Jaymee,Klimuk,jklimukb8@globo.com,Female,Afghanistan
406,Donnie,Brudenell,dbrudenellb9@issuu.com,Male,Afghanistan
407,Margarette,Hovert,mhovertba@latimes.com,Female,Afghanistan
408,Averil,Berthelet,abertheletbb@oracle.com,Male,Afghanistan
409,Murielle,de Juares,mdejuaresbc@i2i.jp,Female,Afghanistan
410,Obadias,Calltone,ocalltonebd@rakuten.co.jp,Male,Afghanistan
411,Jeth,Prigmore,jprigmorebe@soup.io,Male,Afghanistan
412,Garrard,Bastock,gbastockbf@tinypic.com,Male,Afghanistan
413,Whittaker,Wegener,wwegenerbg@ucsd.edu,Male,Afghanistan
414,Jerrylee,Dudman,jdudmanbh@vimeo.com,Female,Afghanistan
415,Timothy,Marzelli,tmarzellibi@123-reg.co.uk,Male,Afghanistan
416,Jobi,Alenshev,jalenshevbj@hexun.com,Female,Afghanistan
417,Lorry,Baty,lbatybk@upenn.edu,Female,Afghanistan
418,Edith,Tallon,etallonbl@washingtonpost.com,Female,Afghanistan
419,Ula,Addicott,uaddicottbm@virginia.edu,Female,Afghanistan
420,Zacharias,Mazdon,zmazdonbn@buzzfeed.com,Male,Afghanistan
421,Ogden,Danko,odankobo@soup.io,Male,Afghanistan
422,Norby,Smitham,nsmithambp@illinois.edu,Male,Afghanistan
423,Foss,Durnin,fdurninbq@cnbc.com,Male,Afghanistan
424,Yettie,Tyrone,ytyronebr@livejournal.com,Female,Afghanistan
425,Raoul,Habron,rhabronbs@discuz.net,Male,Afghanistan
426,Crin,Ricardon,cricardonbt@linkedin.com,Female,Afghanistan
427,Corabella,McShea,cmcsheabu@xrea.com,Female,Afghanistan
428,Pierson,Forst,pforstbv@wisc.edu,Male,Afghanistan
429,Eimile,Ockendon,eockendonbw@ovh.net,Female,Afghanistan
430,Lucius,Stathor,lstathorbx@angelfire.com,Male,Afghanistan
431,Jennica,McGreal,jmcgrealby@bloomberg.com,Female,Afghanistan
432,Sibylle,Boliver,sboliverbz@nps.gov,Female,Afghanistan
433,Janka,Savins,jsavinsc0@gov.uk,Female,Afghanistan
434,Kellsie,Whettleton,kwhettletonc1@squidoo.com,Non-binary,Afghanistan
435,Averill,Weavill,aweavillc2@oakley.com,Male,Afghanistan
436,Lothaire,Everill,leverillc3@furl.net,Male,Afghanistan
437,Keely,Gledhall,kgledhallc4@ycombinator.com,Bigender,Afghanistan
438,Bertina,Mingasson,bmingassonc5@npr.org,Female,Afghanistan
439,Jo,Nicklinson,jnicklinsonc6@amazon.de,Male,Afghanistan
440,Dorthy,Somerset,dsomersetc7@engadget.com,Female,Afghanistan
441,Alf,Gladwish,agladwishc8@dion.ne.jp,Male,Afghanistan
442,Charmane,Strickland,cstricklandc9@rambler.ru,Female,Afghanistan
443,Harp,Cromleholme,hcromleholmeca@prnewswire.com,Male,Afghanistan
444,Eileen,Brighouse,ebrighousecb@huffingtonpost.com,Genderqueer,Afghanistan
445,Dareen,Maria,dmariacc@hud.gov,Agender,Afghanistan
446,Estevan,Choat,echoatcd@webs.com,Male,Afghanistan
447,Cello,Gorries,cgorriesce@bloomberg.com,Male,Afghanistan
448,Jane,Syphas,jsyphascf@twitpic.com,Female,Afghanistan
449,Wilton,Rider,wridercg@twitter.com,Male,Afghanistan
450,Haleigh,Reay,hreaych@webeden.co.uk,Female,Afghanistan
451,Dore,Acedo,dacedoci@va.gov,Female,Afghanistan
452,Lexi,Roch,lrochcj@hexun.com,Female,Afghanistan
453,Giffie,Harvard,gharvardck@jigsy.com,Male,Afghanistan
454,Ambrosio,Rochelle,arochellecl@yale.edu,Male,Afghanistan
455,Hugibert,Braidman,hbraidmancm@vk.com,Male,Afghanistan
456,Clevey,Ciani,ccianicn@51.la,Male,Afghanistan
457,Bobby,Grodden,bgroddenco@netscape.com,Male,Afghanistan
458,Kissee,Wesley,kwesleycp@archive.org,Female,Afghanistan
459,Stafford,Durram,sdurramcq@trellian.com,Male,Afghanistan
460,Nona,Grieswood,ngrieswoodcr@sohu.com,Female,Afghanistan
461,Terrie,Burgisi,tburgisics@yahoo.com,Female,Afghanistan
462,Frasco,Costard,fcostardct@google.de,Male,Afghanistan
463,Any,Camoletto,acamolettocu@abc.net.au,Male,Afghanistan
464,Hobie,Ladon,hladoncv@surveymonkey.com,Male,Afghanistan
465,Domenic,Lavalde,dlavaldecw@yandex.ru,Male,Afghanistan
466,Joelle,Tindle,jtindlecx@illinois.edu,Female,Afghanistan
467,Johny,Midghall,jmidghallcy@ycombinator.com,Male,Afghanistan
468,Sascha,Potteridge,spotteridgecz@cmu.edu,Male,Afghanistan
469,Kameko,Jeduch,kjeduchd0@upenn.edu,Non-binary,Afghanistan
470,Yolande,de Marco,ydemarcod1@globo.com,Genderfluid,Afghanistan
471,Marilin,Hirtz,mhirtzd2@goo.ne.jp,Female,Afghanistan
472,Joell,Libreros,jlibrerosd3@nasa.gov,Female,Afghanistan
473,Cinnamon,Climson,cclimsond4@pagesperso-orange.fr,Genderqueer,Afghanistan
474,Vera,Layson,vlaysond5@plala.or.jp,Female,Afghanistan
475,Dory,Posthill,dposthilld6@newyorker.com,Male,Afghanistan
476,Maggy,Guido,mguidod7@bbb.org,Female,Afghanistan
477,Jean,Offill,joffilld8@liveinternet.ru,Male,Afghanistan
478,Nora,Roome,nroomed9@narod.ru,Female,Afghanistan
479,Jillian,Mattusevich,jmattusevichda@qq.com,Female,Afghanistan
480,Oby,Englefield,oenglefielddb@blinklist.com,Male,Afghanistan
481,Sherline,Shalders,sshaldersdc@is.gd,Female,Afghanistan
482,Emlyn,Girardet,egirardetdd@yellowpages.com,Male,Afghanistan
483,Cazzie,Chattaway,cchattawayde@npr.org,Male,Afghanistan
484,Nicoli,Odd,nodddf@huffingtonpost.com,Female,Afghanistan
485,Davina,MacCahey,dmaccaheydg@icq.com,Female,Afghanistan
486,Janeczka,Filde,jfildedh@yellowbook.com,Female,Afghanistan
487,Pebrook,Titchener,ptitchenerdi@vinaora.com,Genderfluid,Afghanistan
488,Pate,McMenamin,pmcmenamindj@cbsnews.com,Male,Afghanistan
489,Arch,Meadowcroft,ameadowcroftdk@oracle.com,Male,Afghanistan
490,Chance,Ronnay,cronnaydl@youku.com,Male,Afghanistan
491,Sheffy,Crosland,scroslanddm@ucoz.ru,Male,Afghanistan
492,Free,Julien,fjuliendn@yolasite.com,Male,Afghanistan
493,Bel,Franzolini,bfranzolinido@weibo.com,Female,Afghanistan
494,Nicola,Bromet,nbrometdp@timesonline.co.uk,Female,Afghanistan
495,Sigismund,Smallthwaite,ssmallthwaitedq@storify.com,Non-binary,Afghanistan
496,Brook,O'Longain,bolongaindr@mediafire.com,Male,Afghanistan
497,Phelia,Jaffa,pjaffads@istockphoto.com,Female,Afghanistan
498,Nariko,Wetherill,nwetherilldt@nps.gov,Female,Afghanistan
499,Mervin,MacRinn,mmacrinndu@house.gov,Male,Afghanistan
500,Marla,Craney,mcraneydv@prlog.org,Female,Afghanistan
